<?xml version="1.0"?>
<doc>
    <assembly>
        <name>VSSettingsSwitcher</name>
    </assembly>
    <members>
        <member name="T:VSSettingsSwitcher.Connect">
            <summary>The object for implementing an Add-in.</summary>
            <seealso class='IDTExtensibility2' />
        </member>
        <member name="M:VSSettingsSwitcher.Connect.#ctor">
            <summary>Implements the constructor for the Add-in object. Place your initialization code within this method.</summary>
        </member>
        <member name="M:VSSettingsSwitcher.Connect.OnConnection(System.Object,Extensibility.ext_ConnectMode,System.Object,System.Array@)">
            <summary>Implements the OnConnection method of the IDTExtensibility2 interface. Receives notification that the Add-in is being loaded.</summary>
            <param term='application'>Root object of the host application.</param>
            <param term='connectMode'>Describes how the Add-in is being loaded.</param>
            <param term='addInInst'>Object representing this Add-in.</param>
            <seealso class='IDTExtensibility2' />
        </member>
        <member name="M:VSSettingsSwitcher.Connect.OnDisconnection(Extensibility.ext_DisconnectMode,System.Array@)">
            <summary>Implements the OnDisconnection method of the IDTExtensibility2 interface. Receives notification that the Add-in is being unloaded.</summary>
            <param term='disconnectMode'>Describes how the Add-in is being unloaded.</param>
            <param term='custom'>Array of parameters that are host application specific.</param>
            <seealso class='IDTExtensibility2' />
        </member>
        <member name="M:VSSettingsSwitcher.Connect.OnAddInsUpdate(System.Array@)">
            <summary>Implements the OnAddInsUpdate method of the IDTExtensibility2 interface. Receives notification when the collection of Add-ins has changed.</summary>
            <param term='custom'>Array of parameters that are host application specific.</param>
            <seealso class='IDTExtensibility2' />		
        </member>
        <member name="M:VSSettingsSwitcher.Connect.OnStartupComplete(System.Array@)">
            <summary>Implements the OnStartupComplete method of the IDTExtensibility2 interface. Receives notification that the host application has completed loading.</summary>
            <param term='custom'>Array of parameters that are host application specific.</param>
            <seealso class='IDTExtensibility2' />
        </member>
        <member name="M:VSSettingsSwitcher.Connect.OnBeginShutdown(System.Array@)">
            <summary>Implements the OnBeginShutdown method of the IDTExtensibility2 interface. Receives notification that the host application is being unloaded.</summary>
            <param term='custom'>Array of parameters that are host application specific.</param>
            <seealso class='IDTExtensibility2' />
        </member>
        <member name="M:VSSettingsSwitcher.Connect.QueryStatus(System.String,EnvDTE.vsCommandStatusTextWanted,EnvDTE.vsCommandStatus@,System.Object@)">
            <summary>Implements the QueryStatus method of the IDTCommandTarget interface. This is called when the command's availability is updated</summary>
            <param term='commandName'>The name of the command to determine state for.</param>
            <param term='neededText'>Text that is needed for the command.</param>
            <param term='status'>The state of the command in the user interface.</param>
            <param term='commandText'>Text requested by the neededText parameter.</param>
            <seealso class='Exec' />
        </member>
        <member name="M:VSSettingsSwitcher.Connect.Exec(System.String,EnvDTE.vsCommandExecOption,System.Object@,System.Object@,System.Boolean@)">
            <summary>Implements the Exec method of the IDTCommandTarget interface. This is called when the command is invoked.</summary>
            <param term='commandName'>The name of the command to execute.</param>
            <param term='executeOption'>Describes how the command should be run.</param>
            <param term='varIn'>Parameters passed from the caller to the command handler.</param>
            <param term='varOut'>Parameters passed from the command handler to the caller.</param>
            <param term='handled'>Informs the caller if the command was handled or not.</param>
            <seealso class='Exec' />
        </member>
        <member name="F:VSSettingsSwitcher.FrmOverview.components">
            <summary>
            Required designer variable.
            </summary>
        </member>
        <member name="M:VSSettingsSwitcher.FrmOverview.Dispose(System.Boolean)">
            <summary>
            Clean up any resources being used.
            </summary>
            <param name="disposing">true if managed resources should be disposed; otherwise, false.</param>
        </member>
        <member name="M:VSSettingsSwitcher.FrmOverview.InitializeComponent">
            <summary>
            Required method for Designer support - do not modify
            the contents of this method with the code editor.
            </summary>
        </member>
    </members>
</doc>
